a: 47749150628,"0,021534871"
a: 25144462707,"0,021534871"
a: 0037171005,"0,020953545"
a: 3042606295,"0,010692079"
a: 33750050422,"0,008806001"
a: 0032020971,"0,0077553093"
a: 0032511085,"0,0071739843"
a: 27744587245,"0,006050089"
a: 34250008508,"0,0058003343"
a: 0037165927,"0,005679763"
a: 0142211287,"0,0051285806"
a: 0037666297,"0,0046376837"
a: 47649125059,"0,004525725"
a: 4544365854,"0,0044482145"
a: 0032558717,"0,004340562"
a: 0542446044,"0,0041812356"
a: 0033553060,"0,0041080317"
a: 53549106906,"0,0039874604"
a: 0032029664,"0,0039745425"
a: 4544382378,"0,0039013384"
a: 0033438070,"0,0038410528"
a: 0037375314,"0,0038066038"
a: 0000791128,"0,0035697676"
a: 0033153911,"0,0035611554"
a: 0034324823,"0,0035094821"
a: 34548501731,"0,0034621148"
a: 72949122812,"0,003436278"
a: 35548930317,"0,0032683397"
a: 0037039185,"0,0032683397"
a: 0035860891,"0,0032209726"
a: 13444282470,"0,0031822175"
a: 0043039452,"0,003126238"
a: 0032558827,"0,0031004013"
a: 13844281575,"0,0030358096"
a: 0036478720,"0,003014279"
a: 0029407730,"0,002816198"
a: 0038701606,"0,0027516063"
a: 0040633110,"0,0027473"
a: 0034092121,"0,002738688"
a: 4344569742,"0,0026654839"
a: 4043114822,"0,0026568717"
a: 2442636809,"0,0025363006"
a: 77955566830,"0,0025061578"
a: 4344587762,"0,002471709"
a: 34249944526,"0,0024587906"
a: 21844473049,"0,0024587906"
a: 0342945364,"0,0024544843"
a: 0242717850,"0,0023080765"
a: 0037460189,"0,0022564032"
a: 79955070567,"0,002213342"
a: 67449089567,"0,002213342"
a: 0035806257,"0,0021918116"
a: 35548978326,"0,002170281"
a: 4744365142,"0,0021573626"
a: 4243513229,"0,002131526"
a: 0032045816,"0,002092771"
a: 45849146155,"0,0020755464"
a: 30144432185,"0,002062628"
a: 13844299374,"0,0020540159"
a: 18844416655,"0,0020324853"
a: 4544253610,"0,001985118"
a: 33751217695,"0,001985118"
a: 33847257933,"0,0019592815"
a: 0031260276,"0,001946363"
a: 0033897055,"0,0019377508"
a: 0037100924,"0,0018989958"
a: 0033213750,"0,0018946897"
a: 38549085886,"0,0018903835"
a: 0033100627,"0,0018774653"
a: 9344264091,"0,0018731591"
a: 0026960770,"0,001868853"
a: 0031267556,"0,0018645469"
a: 0037169124,"0,0018516285"
a: 0037130212,"0,0018473224"
a: 0032494328,"0,001830098"
a: 2342629966,"0,0018257919"
a: 33749626663,"0,0018214858"
a: 0036662399,"0,0018171796"
a: 0011443424,"0,0018128735"
a: 0032500440,"0,0018085674"
a: 3242664534,"0,0017999553"
a: 0037039675,"0,001791343"
a: 0036572216,"0,0017827308"
a: 33748780901,"0,0017784246"
a: 25344463656,"0,0017612003"
a: 72549093138,"0,001756894"
a: 0034226704,"0,0017396696"
a: 36749101329,"0,0017267513"
a: 84884017036,"0,001718139"
a: 26844583254,"0,0017052208"
a: 39149124477,"0,0017009146"
a: 57549105751,"0,0016836901"
a: 84882176267,"0,001679384"
a: 20444494915,"0,001675078"
a: 77953755900,"0,001675078"
a: 0037425470,"0,0016621596"
a: 0036533507,"0,0016578535"
a: 0042911599,"0,0016535474"
a: 5444274152,"0,0016535474"
a: 0034254989,"0,0016492413"
a: 0343215213,"0,001640629"
a: 0038673390,"0,0016277106"
a: 0026818633,"0,0016277106"
a: 0035968012,"0,0016234046"
a: 0001248241,"0,0016104863"
a: 55749091952,"0,0016104863"
a: 0035206306,"0,0016104863"
a: 14544288579,"0,0016061801"
a: 79951672573,"0,0016061801"
a: 0037174668,"0,0015975679"
a: 0037453216,"0,0015932618"
a: 34548392577,"0,0015889556"
a: 84890677242,"0,0015803435"
a: 76649116235,"0,0015760374"
a: 0038579633,"0,0015545068"
a: 0000849964,"0,0015502006"
a: 3242711141,"0,0015502006"
a: 0000368408,"0,0015415885"
a: 0347627538,"0,0015372824"
a: 36449001310,"0,001524364"
a: 56349159501,"0,0015114456"
a: 3242809091,"0,0014813029"
a: 33847264072,"0,0014769967"
a: 34548474934,"0,0014640784"
a: 0036009848,"0,0014640784"
a: 0000746799,"0,0014382417"
a: 0030351104,"0,0014296295"
a: 4744357047,"0,0014253234"
a: 77955703754,"0,0014210172"
a: 0043235811,"0,0014167111"
a: 0033617990,"0,0014167111"
a: 35949007525,"0,0014167111"
a: 28844479693,"0,001408099"
a: 0002590238,"0,001408099"
a: 0032223701,"0,0013994867"
a: 0033691184,"0,0013865684"
a: 0034802787,"0,0013779561"
a: 0030109920,"0,0013779561"
a: 25444444698,"0,00137365"
a: 0344082164,"0,0013607317"
a: 2342452518,"0,0013521195"
a: 0041339121,"0,0013521195"
a: 0033119356,"0,0013521195"
a: 0242416061,"0,0013478134"
a: 0037209784,"0,0013392011"
a: 0030435042,"0,0013392011"
a: 33750008736,"0,0013262827"
a: 0033599301,"0,0013219767"
a: 79957746527,"0,0013176706"
a: 73949133679,"0,0013133645"
a: 84855831636,"0,0013090584"
a: 34548694284,"0,0013090584"
a: 37649032768,"0,0013090584"
a: 0034964791,"0,0013047522"
a: 0028485275,"0,0012875277"
a: 42749105429,"0,0012875277"
a: 35348847063,"0,0012875277"
a: 0000810597,"0,0012832216"
a: 0242367374,"0,0012832216"
a: 69649085444,"0,0012832216"
a: 34547334470,"0,0012789156"
a: 49449101585,"0,0012530789"
a: 2342524557,"0,0012530789"
a: 24144462483,"0,0012530789"
a: 0037534980,"0,0012530789"
a: 4544359550,"0,0012487727"
a: 1842708892,"0,0012487727"
a: 33644693571,"0,0012487727"
a: 79959832612,"0,0012444666"
a: 0035142256,"0,0012401605"
a: 0037015979,"0,0012315483"
a: 35949007637,"0,0012272422"
a: 0033325615,"0,0012229361"
a: 0032180495,"0,00121863"
a: 0030105652,"0,00121863"
a: 0038079447,"0,0012100177"
a: 33847666430,"0,0012057116"
a: 14844362642,"0,0012014055"
a: 0037290518,"0,0011927933"
a: 35048860300,"0,0011884872"
a: 33748904647,"0,0011884872"
a: 7444251764,"0,0011841811"
a: 53149137876,"0,0011841811"
a: 33750474087,"0,0011841811"
a: 33748579556,"0,001179875"
a: 33750504625,"0,0011755688"
a: 33749662734,"0,0011669566"
a: 0742289994,"0,0011669566"
a: 77955230567,"0,0011626505"
a: 0000075431,"0,0011626505"
a: 0033077781,"0,0011583444"
a: 73249144708,"0,0011583444"
a: 27744600099,"0,0011583444"
a: 67650960916,"0,0011540382"
a: 10944266550,"0,0011540382"
a: 0032672512,"0,0011540382"
a: 33645961888,"0,0011497322"
a: 34547681854,"0,0011454261"
a: 39149107458,"0,00114112"
a: 0001165983,"0,00114112"
a: 0033377792,"0,0011368138"
a: 0346963275,"0,0011325077"
a: 84876266483,"0,0011238955"
a: 0041764367,"0,0011238955"
a: 0032084105,"0,0011238955"
a: 0041345927,"0,0011109771"
a: 0038082995,"0,0011109771"
a: 24144483251,"0,0011109771"
a: 34249907189,"0,001106671"
a: 1642346476,"0,001106671"
a: 29444443292,"0,001106671"
a: 34848879873,"0,001102365"
a: 45849090432,"0,0010980588"
a: 26244444991,"0,0010980588"
a: 75649126879,"0,0010937527"
a: 0041760448,"0,0010937527"
a: 0347600794,"0,0010894466"
a: 38349169607,"0,0010851405"
a: 64149103117,"0,0010808343"
a: 0037254205,"0,0010765282"
a: 79961211353,"0,0010765282"
a: 0035451516,"0,001067916"
a: 4444243277,"0,0010636098"
a: 50249152519,"0,0010636098"
a: 33745079618,"0,0010636098"
a: 0037461209,"0,0010593038"
a: 84880030648,"0,0010549977"
a: 2142765353,"0,0010506916"
a: 2342536975,"0,0010506916"
a: 77955280634,"0,0010463855"
a: 9944230961,"0,0010420793"
a: 0001753996,"0,0010420793"
a: 0032768115,"0,0010377732"
a: 0037094338,"0,0010377732"
a: 80054011035,"0,0010334671"
a: 46549085224,"0,001029161"
a: 6144290977,"0,0010248548"
a: 84872737968,"0,0010248548"
a: 84882207734,"0,0010248548"
a: 0037460153,"0,0010248548"
a: 81555212279,"0,0010248548"
a: 56049097919,"0,0010248548"
a: 0042522352,"0,0010205487"
a: 0742269372,"0,0010205487"
a: 34547752219,"0,0010162427"
a: 0035955473,"0,0010162427"
a: 0345119079,"0,0010162427"
a: 0025429897,"0,0010162427"
a: 0031236255,"0,0010162427"
a: 1642381109,"0,0010119366"
a: 0036804831,"0,0010119366"
a: 0000832504,"0,0010119366"
a: 30744433813,"0,0010033243"
a: 0026679604,"0,000999"
a: 0035874154,"0,000999"
a: 33748374711,"0,000995"
a: 84948081306,"0,000995"
a: 0001454299,"0,000995"
a: 2342437023,"0,00099"
a: 38349169552,"0,000986"
a: 22544439395,"0,000982"
a: 33644960053,"0,000982"
a: 33749552865,"0,000977"
a: 0032560549,"0,000977"
a: 0035465699,"0,000973"
a: 0033353163,"0,000973"
a: 0033886937,"0,000969"
a: 3142766062,"0,000969"
a: 80053961547,"0,000965"
a: 4544344914,"0,000965"
a: 33750796725,"0,000965"
a: 33745951194,"0,00096"
a: 0031120253,"0,000956"
a: 58549092962,"0,000952"
a: 34547820430,"0,000952"
a: 0038509580,"0,000947"
a: 33646042884,"0,000939"
a: 34547604980,"0,000939"
a: 11744267490,"0,000939"
a: 21644487610,"0,000934"
a: 84878514672,"0,00093"
a: 0346780414,"0,00093"
a: 77954215644,"0,000926"
a: 0000286911,"0,000922"
a: 0036138301,"0,000922"
a: 2342451388,"0,000922"
a: 84868699299,"0,000917"
a: 1542786901,"0,000913"
a: 27544478223,"0,000913"
a: 2142825728,"0,000913"
a: 0033119284,"0,000909"
a: 0038683900,"0,000909"
a: 33644916162,"0,000909"
a: 0035494681,"0,000909"
a: 0032647950,"0,000904"
a: 0038112144,"0,0009"
a: 0030538517,"0,0009"
a: 0033076264,"0,0009"
a: 79251523210,"0,0009"
a: 33646676286,"0,000896"
a: 0001091690,"0,000896"
a: 0035802970,"0,000896"
a: 0001356099,"0,000896"
a: 4944241873,"0,000896"
a: 0033121032,"0,000891"
a: 58149290194,"0,000891"
a: 33845909011,"0,000891"
a: 0033319678,"0,000887"
a: 0035947471,"0,000887"
a: 0000435970,"0,000887"
a: 33750528727,"0,000883"
a: 77956552994,"0,000883"
a: 10844245739,"0,000878"
a: 0000033885,"0,000878"
a: 0036160601,"0,000878"
a: 0001141720,"0,000874"
a: 2942700208,"0,000874"
a: 0032593312,"0,000874"
a: 23944457361,"0,00087"
a: 36049011211,"0,00087"
a: 77950527395,"0,000866"
a: 0037423849,"0,000866"
a: 14744303760,"0,000861"
a: 0036028052,"0,000861"
a: 55549100299,"0,000857"
a: 71549168331,"0,000857"
a: 0035205165,"0,000853"
a: 0030216784,"0,000853"
a: 20144375743,"0,000848"
a: 33746905499,"0,000848"
a: 0001430250,"0,000848"
a: 79955476043,"0,000848"
a: 21544441689,"0,000848"
a: 23244442315,"0,000844"
a: 55949092598,"0,000835"
a: 3242705835,"0,000835"
a: 13444253860,"0,000831"
a: 45849155894,"0,000831"
a: 0034665438,"0,000831"
a: 0001369288,"0,000827"
a: 0038658957,"0,000827"
a: 0347930300,"0,000822"
a: 13144275268,"0,000822"
a: 0037400696,"0,000818"
a: 1142276330,"0,000818"
a: 0034259651,"0,000818"
a: 79953161352,"0,000814"
a: 34249909513,"0,000814"
a: 26844529198,"0,000814"
a: 0035997869,"0,000814"
a: 0036504729,"0,00081"
a: 77955542127,"0,00081"
a: 0036507302,"0,00081"
a: 79956005526,"0,000805"
a: 0009455253,"0,000805"
a: 7644228984,"0,000805"
a: 46849117093,"0,000801"
a: 58849114173,"0,000801"
a: 0042244429,"0,000801"
a: 0042023250,"0,000801"
a: 0037197433,"0,000801"
a: 67650086189,"0,000797"
a: 0035803899,"0,000797"
a: 58749086215,"0,000797"
a: 5244261900,"0,000797"
a: 4544320559,"0,000792"
a: 0001595276,"0,000792"
a: 84871790293,"0,000788"
a: 0034544451,"0,000788"
a: 47349131475,"0,000784"
a: 3142748021,"0,000784"
a: 78049357025,"0,000784"
a: 47349089088,"0,000784"
a: 31344445440,"0,000784"
a: 77951582169,"0,000784"
a: 0000592102,"0,000784"
a: 0036747872,"0,000779"
a: 0037058468,"0,000779"
a: 0032628747,"0,000779"
a: 0033503577,"0,000779"
a: 0001060370,"0,000779"
a: 0037169857,"0,000775"
a: 60449094759,"0,000775"
a: 10844283794,"0,000775"
a: 0038713226,"0,000771"
a: 62949138954,"0,000771"
a: 0001289066,"0,000771"
a: 10644234752,"0,000771"
a: 33645541693,"0,000771"
a: 77953851576,"0,000771"
a: 84855913099,"0,000771"
a: 0037439330,"0,000771"
a: 0031272785,"0,000771"
a: 0010442567,"0,000766"
a: 24644504140,"0,000766"
a: 0035822107,"0,000766"
a: 34249992261,"0,000766"
a: 0035801927,"0,000766"
a: 0038122968,"0,000766"
a: 27644436031,"0,000766"
a: 0032210314,"0,000766"
a: 53049109175,"0,000762"
a: 34748860865,"0,000762"
a: 28844505026,"0,000762"
a: 77950132290,"0,000762"
a: 33244483904,"0,000762"
a: 0037236710,"0,000762"
a: 0029410291,"0,000758"
a: 33750367998,"0,000758"
a: 4544373838,"0,000758"
a: 11044230825,"0,000758"
a: 0000049695,"0,000758"
a: 15344348836,"0,000758"
a: 67449162148,"0,000754"
a: 33644983239,"0,000754"
a: 34547381199,"0,000754"
a: 79959380460,"0,000754"
a: 79851488199,"0,000754"
a: 0035352065,"0,000749"
a: 79952988717,"0,000749"
a: 44949104139,"0,000745"
a: 60549113960,"0,000745"
a: 72949087096,"0,000745"
a: 13844280308,"0,000745"
a: 67549136411,"0,000745"
a: 33749006632,"0,000745"
a: 0033534989,"0,000745"
a: 0029272451,"0,000736"
a: 73449091177,"0,000736"
a: 0034803768,"0,000736"
a: 34548091283,"0,000736"
a: 33746895113,"0,000732"
a: 0036270088,"0,000732"
a: 65249134045,"0,000732"
a: 33846458993,"0,000732"
a: 79955614513,"0,000732"
a: 79952340427,"0,000728"
a: 24644475298,"0,000728"
a: 0029403341,"0,000728"
a: 84923776518,"0,000723"
a: 43049145006,"0,000723"
a: 72949124419,"0,000723"
a: 0035303492,"0,000723"
a: 34548587170,"0,000719"
a: 0034230050,"0,000719"
a: 33947110444,"0,000719"
a: 0041421047,"0,000719"
a: 23244437166,"0,000715"
a: 5044227660,"0,000715"
a: 84884907143,"0,000715"
a: 0029721299,"0,000711"
a: 0035424776,"0,000711"
a: 0037290577,"0,000711"
a: 70449522052,"0,000711"
a: 33748786214,"0,000711"
a: 0031647054,"0,000711"
a: 33645456728,"0,000711"
a: 0000720680,"0,000706"
a: 84863908323,"0,000706"
a: 69249206821,"0,000706"
a: 38049180630,"0,000706"
a: 67749104049,"0,000706"
a: 0030293526,"0,000706"
a: 29044433258,"0,000702"
a: 77956987130,"0,000702"
a: 51449100176,"0,000702"
a: 0039352172,"0,000702"
a: 0041012388,"0,000698"
a: 33644549962,"0,000698"
a: 20444462371,"0,000698"
a: 0033102021,"0,000698"
a: 84882290488,"0,000698"
a: 0027867436,"0,000698"
a: 0036532922,"0,000698"
a: 0001149368,"0,000693"
a: 0032875092,"0,000693"
a: 0036138489,"0,000689"
a: 3042757563,"0,000689"
a: 77955870645,"0,000689"
a: 0242341218,"0,000689"
a: 23044483587,"0,000689"
a: 33847325355,"0,000689"
a: 0036660637,"0,000685"
a: 78650019490,"0,000685"
a: 33745290843,"0,000685"
a: 33846391239,"0,000685"
a: 0038237009,"0,000685"
a: 0026870283,"0,000685"
a: 0036494734,"0,000685"
a: 0032595565,"0,000685"
a: 4143125484,"0,00068"
a: 77952582430,"0,00068"
a: 0035532248,"0,00068"
a: 0001035841,"0,00068"
a: 77956406108,"0,00068"
a: 33845420803,"0,00068"
a: 33746211652,"0,000676"
a: 77951250057,"0,000676"
a: 0037865564,"0,000676"
a: 34447265981,"0,000676"
a: 1442295401,"0,000676"
a: 23244439754,"0,000676"
a: 0037211162,"0,000676"
a: 33847319768,"0,000676"
a: 58049111861,"0,000672"
a: 84925096265,"0,000672"
a: 0033888069,"0,000672"
a: 77953131473,"0,000672"
a: 84941944733,"0,000667"
a: 0030869870,"0,000667"
a: 84926088095,"0,000663"
a: 0034063391,"0,000663"
a: 22744440191,"0,000663"
a: 33846935162,"0,000663"
a: 0025554917,"0,000663"
a: 65549135109,"0,000663"
a: 0029510618,"0,000663"
a: 33646835756,"0,000659"
a: 0032798617,"0,000659"
a: 0035817053,"0,000655"
a: 78650917083,"0,000655"
a: 64949119265,"0,000655"
a: 0001156613,"0,000655"
a: 0036316516,"0,00065"
a: 33745482231,"0,00065"
a: 7644220092,"0,00065"
a: 34547177765,"0,00065"
a: 0035410827,"0,00065"
a: 29844431587,"0,000646"
a: 33746459446,"0,000646"
a: 1442285900,"0,000646"
a: 1642382358,"0,000646"
a: 79959423064,"0,000646"
a: 79551512851,"0,000646"
a: 0026719531,"0,000646"
a: 0035099213,"0,000642"
a: 0035914597,"0,000642"
a: 72649083451,"0,000642"
a: 37349091477,"0,000642"
a: 10944246634,"0,000642"
a: 33644844136,"0,000642"
a: 0037409380,"0,000637"
a: 7244225073,"0,000637"
a: 23844476500,"0,000637"
a: 0037081592,"0,000633"
a: 0028445814,"0,000633"
a: 0035864267,"0,000633"
a: 70349599885,"0,000633"
a: 0036647871,"0,000633"
a: 80155208478,"0,000633"
a: 64349117187,"0,000629"
a: 0344981298,"0,000629"
a: 51749106815,"0,000629"
a: 84900005710,"0,000629"
a: 0033904271,"0,000629"
a: 23944457404,"0,000629"
a: 9744223630,"0,000624"
a: 33646547330,"0,00062"
a: 33846665298,"0,00062"
a: 0038929067,"0,00062"
a: 33751206544,"0,00062"
a: 33749683451,"0,00062"
a: 33847636326,"0,000616"
a: 20844452777,"0,000616"
a: 29044447158,"0,000616"
a: 33749141669,"0,000616"
a: 84893029597,"0,000616"
a: 0033882382,"0,000616"
a: 34548335211,"0,000616"
a: 0242570508,"0,000616"
a: 0001665670,"0,000611"
a: 33646792964,"0,000611"
a: 70350570507,"0,000611"
a: 11844261435,"0,000611"
a: 0035501272,"0,000611"
a: 17444402519,"0,000611"
a: 1542346315,"0,000611"
a: 73849084207,"0,000611"
a: 34247556501,"0,000611"
a: 0029809623,"0,000611"
a: 0033277018,"0,000607"
a: 0036466975,"0,000607"
a: 0040153836,"0,000607"
a: 0034275536,"0,000603"
a: 0001351737,"0,000603"
a: 84922539722,"0,000603"
a: 0038206392,"0,000603"
a: 0028479656,"0,000603"
a: 0034332045,"0,000599"
a: 27144520844,"0,000599"
a: 33747508917,"0,000599"
a: 1842686601,"0,000599"
a: 33644932144,"0,000599"
a: 13144294084,"0,000599"
a: 77953388511,"0,000599"
a: 0030422289,"0,000599"
a: 0042842311,"0,000599"
a: 0000043785,"0,000594"
a: 34548246510,"0,000594"
a: 9944229469,"0,000594"
a: 0034174590,"0,000594"
a: 52049098001,"0,000594"
a: 77951156407,"0,000594"
a: 33646184563,"0,000594"
a: 0031673020,"0,000594"
a: 0036804159,"0,000594"
a: 0040048109,"0,00059"
a: 39249083823,"0,00059"
a: 0035387562,"0,00059"
a: 33745727612,"0,00059"
a: 78649633224,"0,00059"
a: 80053569593,"0,000586"
a: 34548486255,"0,000586"
a: 79955842965,"0,000581"
a: 48449095869,"0,000581"
a: 81555212275,"0,000581"
a: 0033742613,"0,000581"
a: 12344260817,"0,000577"
a: 41649113912,"0,000577"
a: 0035451912,"0,000577"
a: 33750499501,"0,000577"
a: 0035465703,"0,000577"
a: 15344343596,"0,000577"
a: 0037009003,"0,000577"
a: 0343789033,"0,000577"
a: 33847021919,"0,000573"
a: 59449109029,"0,000573"
a: 4243505561,"0,000573"
a: 77955666383,"0,000573"
a: 0036147110,"0,000568"
a: 0027644533,"0,000568"
a: 0141975301,"0,000568"
a: 0036147452,"0,000568"
a: 19744381314,"0,000568"
a: 0043269923,"0,000564"
a: 78349311451,"0,000564"
a: 33751021669,"0,000564"
a: 20844454247,"0,000564"
a: 60849106318,"0,000564"
a: 18744409540,"0,000564"
a: 38149080489,"0,000564"
a: 0001351195,"0,00056"
a: 18744383387,"0,00056"
a: 33645034736,"0,00056"
a: 7544241260,"0,00056"
a: 21544470983,"0,00056"
a: 24344458170,"0,000555"
a: 0000305345,"0,000555"
a: 67349165551,"0,000555"
a: 1542510357,"0,000555"
a: 0035902667,"0,000555"
a: 0032635756,"0,000555"
a: 33845258529,"0,000555"
a: 0000709811,"0,000555"
a: 6344282345,"0,000551"
a: 19844377748,"0,000551"
a: 41849114941,"0,000551"
a: 12844282379,"0,000551"
a: 0038196357,"0,000551"
a: 0000882773,"0,000547"
a: 0032487214,"0,000547"
a: 0028733693,"0,000547"
a: 0041565072,"0,000547"
a: 42049098827,"0,000547"
a: 0035506133,"0,000547"
a: 24144502022,"0,000547"
a: 33747768979,"0,000547"
a: 70349147904,"0,000543"
a: 34247509762,"0,000543"
a: 34547139847,"0,000543"
a: 0031382202,"0,000543"
a: 30744440046,"0,000543"
a: 34147170044,"0,000543"
a: 0035415185,"0,000543"
a: 0037389265,"0,000543"
a: 77957065875,"0,000543"
a: 0033010294,"0,000543"
a: 0346093915,"0,000538"
a: 0032538715,"0,000538"
a: 0030962158,"0,000538"
a: 3843093777,"0,000538"
a: 0000961419,"0,000538"
a: 28244441990,"0,000538"
a: 10844239699,"0,000538"
a: 33847715578,"0,000538"
a: 0036602287,"0,000538"
a: 16744363727,"0,000538"
a: 0036670866,"0,000538"
a: 72949118644,"0,000538"
a: 1542364289,"0,000534"
a: 78751662825,"0,000534"
a: 0037109204,"0,000534"
a: 35048830491,"0,000534"
a: 4344584624,"0,000534"
a: 19744378214,"0,000534"
a: 84939126247,"0,000534"
a: 0038454606,"0,000534"
a: 74649084751,"0,000534"
a: 0032614086,"0,00053"
a: 0037039187,"0,00053"
a: 1842831243,"0,00053"
a: 6144273867,"0,00053"
a: 0035968997,"0,00053"
a: 0034310610,"0,00053"
a: 16444361856,"0,00053"
a: 0037389029,"0,00053"
a: 34248152064,"0,00053"
a: 0037419784,"0,00053"
a: 19944431490,"0,00053"
a: 70449088856,"0,000525"
a: 16344383889,"0,000525"
a: 20344370720,"0,000525"
a: 27144540906,"0,000525"
a: 0347753912,"0,000525"
a: 25444458655,"0,000525"
a: 1942521190,"0,000525"
a: 27344452377,"0,000525"
a: 33646157502,"0,000525"
a: 0038768428,"0,000525"
a: 2942722315,"0,000521"
a: 22844451688,"0,000521"
a: 36248950242,"0,000521"
a: 77957003623,"0,000521"
a: 7244257550,"0,000521"
a: 77957013495,"0,000521"
a: 79251512950,"0,000521"
a: 33744804807,"0,000521"
a: 78650000804,"0,000521"
a: 3042672556,"0,000521"
a: 6344248912,"0,000521"
a: 1342347468,"0,000517"
a: 33646190275,"0,000517"
a: 0027608999,"0,000517"
a: 84869086906,"0,000517"
a: 0037089366,"0,000517"
a: 19644380142,"0,000517"
a: 0033875801,"0,000517"
a: 11744345147,"0,000517"
a: 0035448897,"0,000517"
a: 3242747465,"0,000517"
a: 0347516557,"0,000517"
a: 33750508326,"0,000512"
a: 0001443770,"0,000512"
a: 84906238223,"0,000512"
a: 27144454510,"0,000512"
a: 0033719568,"0,000512"
a: 42049097542,"0,000512"
a: 0037064147,"0,000512"
a: 44149121648,"0,000512"
a: 69449103598,"0,000512"
a: 9744260294,"0,000512"
a: 32544437061,"0,000512"
a: 33750937365,"0,000512"
a: 33748784055,"0,000512"
a: 0000402404,"0,000512"
a: 1542757539,"0,000512"
a: 34548667664,"0,000508"
a: 0026837932,"0,000508"
a: 22044446348,"0,000508"
a: 35748957482,"0,000508"
a: 69549095698,"0,000508"
a: 0027908019,"0,000508"
a: 80052638686,"0,000508"
a: 0038163507,"0,000508"
a: 77952995992,"0,000508"
a: 0032686029,"0,000508"
a: 33646042267,"0,000508"
a: 0032626176,"0,000508"
a: 80052319072,"0,000508"
a: 33747231825,"0,000504"
a: 0030292631,"0,000504"
a: 0037367420,"0,000504"
a: 45849154646,"0,000504"
a: 0032473295,"0,000504"
a: 4944244348,"0,000504"
a: 0001502951,"0,000504"
a: 35948953930,"0,000504"
a: 84868109917,"0,000504"
a: 0001609799,"0,0005"
a: 18144421234,"0,0005"
a: 0035794878,"0,0005"
a: 65649090646,"0,0005"
a: 0037304722,"0,0005"
a: 0032169940,"0,0005"
a: 84877888364,"0,0005"
a: 0029105091,"0,0005"
a: 33847308653,"0,000495"
a: 29144437809,"0,000495"
a: 33646371962,"0,000495"
a: 67849118716,"0,000495"
a: 33845501827,"0,000495"
a: 9344232816,"0,000495"
a: 6344283210,"0,000495"
a: 61649085703,"0,000495"
a: 0034233069,"0,000495"
a: 79958848285,"0,000495"
a: 0034094406,"0,000495"
a: 24344457679,"0,000495"
a: 0025623906,"0,000495"
a: 0000402597,"0,000491"
a: 0036251465,"0,000491"
a: 84864212268,"0,000491"
a: 27844491573,"0,000491"
a: 14844291357,"0,000491"
a: 23044494476,"0,000491"
a: 24644453171,"0,000491"
a: 0037899164,"0,000487"
a: 24144455290,"0,000487"
a: 1342325215,"0,000487"
a: 33646004307,"0,000487"
a: 4944240499,"0,000487"
a: 53049103852,"0,000482"
a: 0033233515,"0,000482"
a: 34347399570,"0,000482"
a: 67651027592,"0,000482"
a: 0000068216,"0,000482"
a: 67349118453,"0,000482"
a: 71949110118,"0,000482"
a: 33846484208,"0,000482"
a: 0242291084,"0,000482"
a: 68849103726,"0,000482"
a: 78650844920,"0,000482"
a: 36448999703,"0,000482"
a: 0032484318,"0,000482"
a: 84898620127,"0,000478"
a: 5744252400,"0,000478"
a: 0002551721,"0,000478"
a: 0001020726,"0,000478"
a: 61649099102,"0,000478"
a: 33746103298,"0,000478"
a: 70350058889,"0,000478"
a: 23444459499,"0,000478"
a: 0001588537,"0,000474"
a: 0037811389,"0,000474"
a: 33747335719,"0,000474"
a: 0346639193,"0,000474"
a: 0034310535,"0,000474"
a: 0032476281,"0,000474"
a: 33244468795,"0,000474"
a: 29144522252,"0,000474"
a: 81255158420,"0,000474"
a: 0035091321,"0,000474"
a: 56749170693,"0,000469"
a: 0141565392,"0,000469"
a: 0000705672,"0,000469"
a: 34548113526,"0,000469"
a: 0035252466,"0,000469"
a: 0035465769,"0,000469"
a: 10644222087,"0,000469"
a: 33751285852,"0,000469"
a: 77956645811,"0,000465"
a: 0033324426,"0,000465"
a: 57949092296,"0,000465"
a: 0344012022,"0,000465"
a: 33746019965,"0,000465"
a: 58149498511,"0,000465"
a: 0029481049,"0,000465"
a: 39249084745,"0,000465"
a: 0034810997,"0,000465"
a: 0032206851,"0,000465"
a: 41549108386,"0,000465"
a: 84904745218,"0,000465"
a: 0029228534,"0,000465"
a: 0036649758,"0,000461"
a: 34548666422,"0,000461"
a: 0026854449,"0,000461"
a: 0034310634,"0,000461"
a: 0036354543,"0,000461"
a: 0038676473,"0,000461"
a: 80052795514,"0,000461"
a: 77349122538,"0,000461"
a: 18144403539,"0,000461"
a: 36049026146,"0,000461"
a: 84857819691,"0,000461"
a: 20544447475,"0,000456"
a: 7444239781,"0,000456"
a: 69249232548,"0,000456"
a: 12844252036,"0,000456"
a: 78649968754,"0,000456"
a: 0742287928,"0,000456"
a: 0034873889,"0,000456"
a: 44549083018,"0,000456"
a: 0344704023,"0,000456"
a: 48249109172,"0,000456"
a: 3042855518,"0,000456"
a: 0345790135,"0,000456"
a: 0034531557,"0,000456"
a: 0035508112,"0,000456"
a: 56849127450,"0,000456"
a: 34250886203,"0,000456"
a: 0000659906,"0,000456"
a: 69949114920,"0,000452"
a: 77957578113,"0,000452"
a: 1542604486,"0,000452"
a: 0035000601,"0,000452"
a: 35949007803,"0,000452"
a: 0037425474,"0,000452"
a: 60849092529,"0,000452"
a: 16244418392,"0,000452"
a: 84953680259,"0,000452"
a: 0037073043,"0,000452"
a: 0035262942,"0,000452"
a: 0037051011,"0,000452"
a: 78649808723,"0,000452"
a: 64049106507,"0,000452"
a: 36049018715,"0,000448"
a: 38949165145,"0,000448"
a: 0141843498,"0,000448"
a: 0037809847,"0,000448"
a: 33645229819,"0,000448"
a: 51249167341,"0,000448"
a: 20444383086,"0,000448"
a: 33846421973,"0,000448"
a: 0037119084,"0,000448"
a: 84878355361,"0,000448"
a: 4244187262,"0,000448"
a: 3743073890,"0,000444"
a: 0033945709,"0,000444"
a: 68249083024,"0,000444"
a: 26444453836,"0,000444"
a: 0035967657,"0,000444"
a: 72149125600,"0,000444"
a: 0035482578,"0,000444"
a: 0035879233,"0,000444"
a: 0035864479,"0,000444"
a: 34447528680,"0,000444"
a: 19844367302,"0,000439"
a: 44449120188,"0,000439"
a: 33748771993,"0,000439"
a: 3242701396,"0,000439"
a: 49949093141,"0,000439"
a: 0035530156,"0,000439"
a: 0038697971,"0,000439"
a: 0001811634,"0,000439"
a: 4444381875,"0,000439"
a: 55049116344,"0,000439"
a: 0031994974,"0,000439"
a: 0032312966,"0,000439"
a: 0029656812,"0,000439"
a: 0002259968,"0,000439"
a: 0342468870,"0,000439"
a: 55649088693,"0,000435"
a: 51349093261,"0,000435"
a: 33646482409,"0,000435"
a: 33749359076,"0,000435"
a: 0032662723,"0,000435"
a: 78649829465,"0,000435"
a: 0035840821,"0,000435"
a: 77956369666,"0,000435"
a: 37349028020,"0,000435"
a: 14844323675,"0,000435"
a: 0001344147,"0,000431"
a: 84855201693,"0,000431"
a: 22944478665,"0,000431"
a: 0036132552,"0,000431"
a: 84858708939,"0,000431"
a: 78650507737,"0,000431"
a: 3142672800,"0,000431"
a: 34249787623,"0,000431"
a: 33749233534,"0,000431"
a: 0028445835,"0,000431"
a: 58249087023,"0,000431"
a: 4244206133,"0,000431"
a: 1642554595,"0,000431"
a: 3142662740,"0,000431"
a: 0028747824,"0,000431"
a: 0036771285,"0,000426"
a: 0037343877,"0,000426"
a: 0033721734,"0,000426"
a: 33847777367,"0,000426"
a: 0012637012,"0,000426"
a: 17444411117,"0,000426"
a: 73649127575,"0,000426"
a: 12044252570,"0,000426"
a: 1442264772,"0,000426"
a: 73649087446,"0,000426"
a: 36848999258,"0,000426"
a: 79957836095,"0,000426"
a: 0035439352,"0,000426"
a: 34547157714,"0,000426"
a: 0042810986,"0,000426"
a: 84880203642,"0,000426"
a: 0035387366,"0,000426"
a: 0034160229,"0,000426"
a: 67651211689,"0,000422"
a: 0000907335,"0,000422"
a: 0035839858,"0,000422"
a: 60149101076,"0,000422"
a: 77955882441,"0,000422"
a: 33745713705,"0,000422"
a: 9744281904,"0,000422"
a: 67649130114,"0,000422"
a: 40349087566,"0,000422"
a: 0028731649,"0,000422"
a: 1542715849,"0,000422"
a: 23844517715,"0,000422"
a: 10044220962,"0,000422"
a: 84882160934,"0,000422"
a: 0030296015,"0,000422"
a: 2942589050,"0,000422"
a: 67649774599,"0,000418"
a: 0036778702,"0,000418"
a: 34247887433,"0,000418"
a: 0033500121,"0,000418"
a: 0036349544,"0,000418"
a: 1842715169,"0,000418"
a: 0041398583,"0,000418"
a: 27144524151,"0,000413"
a: 2942722529,"0,000413"
a: 0037456454,"0,000413"
a: 0032135957,"0,000413"
a: 36048995637,"0,000413"
a: 28444474267,"0,000413"
a: 1842511429,"0,000413"
a: 9144265896,"0,000413"
a: 1842780858,"0,000409"
a: 3142709419,"0,000409"
a: 34447529339,"0,000409"
a: 0033080555,"0,000409"
a: 0037139588,"0,000409"
a: 0042125215,"0,000409"
a: 33750431015,"0,000409"
a: 38649099722,"0,000405"
a: 23744449350,"0,000405"
